{
  "Re": 5600,
  "step": 103600001,
  "sources": {
    "MGLET": {
      "avg": {
        "U": 0.0066359261593686315,
        "V": 0.06144348372499601,
        "uu": 0.06909900804789441,
        "vv": 0.04053477720648612,
        "uv": 0.04044052371662586,
        "k": 0.051302511651812654
      },
      "per_station": {
        "0.05": {
          "U": 0.005597548163444019,
          "V": 0.03489077772089164,
          "uu": 0.04798442541065705,
          "vv": 0.05685067329910117,
          "uv": 0.031145140233622227,
          "k": 0.04552641914623434
        },
        "0.50": {
          "U": 0.0052834622858653904,
          "V": 0.07711696389409707,
          "uu": 0.042098859388168146,
          "vv": 0.061176284926510484,
          "uv": 0.034857657155970875,
          "k": 0.044616369929846626
        },
        "1.00": {
          "U": 0.004685843043082896,
          "V": 0.07321455774479194,
          "uu": 0.04740176583542123,
          "vv": 0.04236553511634734,
          "uv": 0.03530562668159445,
          "k": 0.037480331720313564
        },
        "2.00": {
          "U": 0.007393273673732211,
          "V": 0.11792809258120868,
          "uu": 0.07706773511179799,
          "vv": 0.060473365512620204,
          "uv": 0.04864913857241944,
          "k": 0.06344887941852745
        },
        "3.00": {
          "U": 0.008129511541974345,
          "V": 0.026580149556033963,
          "uu": 0.09179578687951118,
          "vv": 0.03907387359917622,
          "uv": 0.06519384097436155,
          "k": 0.05895772153134944
        },
        "4.00": {
          "U": 0.005087196789441855,
          "V": 0.05486414122007587,
          "uu": 0.0996535257487655,
          "vv": 0.035288125536626046,
          "uv": 0.05414904494255592,
          "k": 0.058626796573087746
        },
        "5.00": {
          "U": 0.005318653139637685,
          "V": 0.07488358036080815,
          "uu": 0.10354504548426649,
          "vv": 0.02518545648292247,
          "uv": 0.026773518369915268,
          "k": 0.06169973822730017
        },
        "6.00": {
          "U": 0.008329706229700404,
          "V": 0.0987904901788534,
          "uu": 0.0769434997898337,
          "vv": 0.023983221046937786,
          "uv": 0.023357025956260408,
          "k": 0.05640809121058618
        },
        "7.00": {
          "U": 0.008719677274453162,
          "V": 0.03917817040054331,
          "uu": 0.05237701796580899,
          "vv": 0.024536102361674143,
          "uv": 0.034975145713831736,
          "k": 0.041898628184239256
        },
        "8.00": {
          "U": 0.007814389452354338,
          "V": 0.01698791359265604,
          "uu": 0.052122418864713874,
          "vv": 0.03641513418294535,
          "uv": 0.04999909856572669,
          "k": 0.04436214057664175
        }
      }
    },
    "Krank": {
      "avg": {
        "U": 0.012383039414929312,
        "V": 0.07506639523560221,
        "uu": 0.0458163439000163,
        "vv": 0.05188864266783465,
        "uv": 0.05494289096380628,
        "k": 0.04036126923590758
      },
      "per_station": {
        "0.05": {
          "U": 0.01001355313060744,
          "V": 0.050136830683514245,
          "uu": 0.050706518409693965,
          "vv": 0.07773218297304212,
          "uv": 0.056622202105877074,
          "k": 0.035618342890998446
        },
        "0.50": {
          "U": 0.008991764863144982,
          "V": 0.08094659165294386,
          "uu": 0.03094790093592433,
          "vv": 0.06453062526896187,
          "uv": 0.040488468920082295,
          "k": 0.030553760757827078
        },
        "1.00": {
          "U": 0.007817963038131657,
          "V": 0.04234216519748687,
          "uu": 0.03120396305353167,
          "vv": 0.04772601413101128,
          "uv": 0.029699539215301142,
          "k": 0.031023849958600806
        },
        "2.00": {
          "U": 0.00872569124777832,
          "V": 0.1334377245548323,
          "uu": 0.03351244607385748,
          "vv": 0.04732471502906202,
          "uv": 0.049717070461570485,
          "k": 0.03410851292258135
        },
        "3.00": {
          "U": 0.013345272761219659,
          "V": 0.05412699824481747,
          "uu": 0.055304726127753244,
          "vv": 0.03452163178075664,
          "uv": 0.055080715944179126,
          "k": 0.037221050049686566
        },
        "4.00": {
          "U": 0.01277739610352058,
          "V": 0.09459595553449504,
          "uu": 0.06857361377802332,
          "vv": 0.0444542831169018,
          "uv": 0.05787147772128805,
          "k": 0.05799942710263466
        },
        "5.00": {
          "U": 0.013876323239988128,
          "V": 0.08365734917085703,
          "uu": 0.05764806861125414,
          "vv": 0.03391614478034646,
          "uv": 0.059371183107663476,
          "k": 0.05286733489919038
        },
        "6.00": {
          "U": 0.016677437618928797,
          "V": 0.13679012712056746,
          "uu": 0.0486469025583362,
          "vv": 0.05501233984149588,
          "uv": 0.07075750738293014,
          "k": 0.054969381753905554
        },
        "7.00": {
          "U": 0.01797703131098801,
          "V": 0.03582555674713741,
          "uu": 0.03955925856571435,
          "vv": 0.05581851899992545,
          "uv": 0.051451717645388,
          "k": 0.03759796680322367
        },
        "8.00": {
          "U": 0.013627960834985554,
          "V": 0.038804653449370556,
          "uu": 0.04206004088607428,
          "vv": 0.05784997075684304,
          "uv": 0.07836902713378306,
          "k": 0.03165306522042733
        }
      }
    }
  }
}