{
  "Re": 5600,
  "step": 98150001,
  "sources": {
    "MGLET": {
      "avg": {
        "U": 0.008824114231630265,
        "V": 0.07009877839733786,
        "uu": 0.06576135171192438,
        "vv": 0.0471837095875865,
        "uv": 0.03969046265238769,
        "k": 0.052781377316867675
      },
      "per_station": {
        "0.05": {
          "U": 0.008139618848467037,
          "V": 0.0496853249531762,
          "uu": 0.04756565545855891,
          "vv": 0.059055864233548236,
          "uv": 0.013295669396855782,
          "k": 0.04124901223143878
        },
        "0.50": {
          "U": 0.007102258392683893,
          "V": 0.08014920591334662,
          "uu": 0.04878197320546535,
          "vv": 0.06392474822427494,
          "uv": 0.04184144178161875,
          "k": 0.04819431965404079
        },
        "1.00": {
          "U": 0.005782493450023036,
          "V": 0.06943938749806608,
          "uu": 0.06004208754745627,
          "vv": 0.05242807493276906,
          "uv": 0.053552946712136056,
          "k": 0.04607300255876761
        },
        "2.00": {
          "U": 0.008949444073808297,
          "V": 0.11418207660619473,
          "uu": 0.08530683733248984,
          "vv": 0.0822295007323344,
          "uv": 0.06469734710018338,
          "k": 0.07516909101495191
        },
        "3.00": {
          "U": 0.00892174349692898,
          "V": 0.027466846882137012,
          "uu": 0.08608689975673162,
          "vv": 0.05393850720592712,
          "uv": 0.06062311504188125,
          "k": 0.06511197827274706
        },
        "4.00": {
          "U": 0.005708332910547948,
          "V": 0.05947969943774279,
          "uu": 0.09514242468555906,
          "vv": 0.03675869524554914,
          "uv": 0.05126667419070372,
          "k": 0.059953412550665136
        },
        "5.00": {
          "U": 0.00760533248904197,
          "V": 0.08500886415138234,
          "uu": 0.09872741699909907,
          "vv": 0.02856926950127292,
          "uv": 0.026020867780289815,
          "k": 0.0658745359166188
        },
        "6.00": {
          "U": 0.011884156120167112,
          "V": 0.12151073174489416,
          "uu": 0.06400317087225918,
          "vv": 0.032669154660506385,
          "uv": 0.019713672890965126,
          "k": 0.05526063386479083
        },
        "7.00": {
          "U": 0.012893025799728002,
          "V": 0.060188579786146376,
          "uu": 0.036396792382693506,
          "vv": 0.02295695909802222,
          "uv": 0.026805121534639882,
          "k": 0.03286442708333483
        },
        "8.00": {
          "U": 0.01125473673490637,
          "V": 0.03387706700029222,
          "uu": 0.03556025887893088,
          "vv": 0.039306322041660645,
          "uv": 0.03908777009460311,
          "k": 0.03806336002132096
        }
      }
    },
    "Krank": {
      "avg": {
        "U": 0.015913033325775535,
        "V": 0.0848414373801706,
        "uu": 0.05094636687394895,
        "vv": 0.0629495050665883,
        "uv": 0.052869421421744035,
        "k": 0.045787695344546415
      },
      "per_station": {
        "0.05": {
          "U": 0.014033887075914115,
          "V": 0.06459494270358622,
          "uu": 0.058714967927759834,
          "vv": 0.08197107074990068,
          "uv": 0.04335695536707058,
          "k": 0.035375695806631344
        },
        "0.50": {
          "U": 0.012035248064248199,
          "V": 0.08361010385755396,
          "uu": 0.04189969334441428,
          "vv": 0.07373311714612032,
          "uv": 0.0562519242566202,
          "k": 0.03981330887608738
        },
        "1.00": {
          "U": 0.01026864822580006,
          "V": 0.03617372113136064,
          "uu": 0.04643804856746786,
          "vv": 0.06264913881508871,
          "uv": 0.05269643934866493,
          "k": 0.04470843431348785
        },
        "2.00": {
          "U": 0.010989261172938355,
          "V": 0.13426182895315836,
          "uu": 0.04474859417016821,
          "vv": 0.05231876925949436,
          "uv": 0.03867396238768258,
          "k": 0.03232112421546221
        },
        "3.00": {
          "U": 0.014780468653783312,
          "V": 0.05929696084171934,
          "uu": 0.05293509523206442,
          "vv": 0.05644024989634376,
          "uv": 0.05382226481696476,
          "k": 0.04616381025471759
        },
        "4.00": {
          "U": 0.014377465930022756,
          "V": 0.09971888721773631,
          "uu": 0.07387459540096845,
          "vv": 0.05906140304067116,
          "uv": 0.0569531159906315,
          "k": 0.06866792754470637
        },
        "5.00": {
          "U": 0.017422433023227005,
          "V": 0.09449680938015413,
          "uu": 0.06205976782918142,
          "vv": 0.04924897866673993,
          "uv": 0.05614021750571881,
          "k": 0.06354145265488596
        },
        "6.00": {
          "U": 0.022031810624401592,
          "V": 0.1629633348351358,
          "uu": 0.047581625750401174,
          "vv": 0.06776507742661045,
          "uv": 0.06742575126755145,
          "k": 0.061621182784367026
        },
        "7.00": {
          "U": 0.02422868305400149,
          "V": 0.05564089717421055,
          "uu": 0.03898998458512646,
          "vv": 0.06168438017929848,
          "uv": 0.037240956111828954,
          "k": 0.03703764801473912
        },
        "8.00": {
          "U": 0.01896242743341848,
          "V": 0.05765688770709065,
          "uu": 0.04222129593193734,
          "vv": 0.06462286548561509,
          "uv": 0.06613262716470655,
          "k": 0.028626368980379284
        }
      }
    }
  }
}