{
  "Re": 5600,
  "step": 129500001,
  "sources": {
    "MGLET": {
      "avg": {
        "U": 0.00496938987576893,
        "V": 0.04574722472943845,
        "uu": 0.03762992463391679,
        "vv": 0.030030832334090395,
        "uv": 0.03267994177684882,
        "k": 0.029359879818697178
      },
      "per_station": {
        "0.05": {
          "U": 0.003710802367700966,
          "V": 0.012394780695145347,
          "uu": 0.02929773673704036,
          "vv": 0.02508023006354277,
          "uv": 0.0212154484299288,
          "k": 0.02911606221782993
        },
        "0.50": {
          "U": 0.00361373417810184,
          "V": 0.04972874295290251,
          "uu": 0.024970494205535248,
          "vv": 0.03256152659028913,
          "uv": 0.033851178427557,
          "k": 0.029890677546880743
        },
        "1.00": {
          "U": 0.0036792730631587767,
          "V": 0.06960687771213214,
          "uu": 0.03056994471613299,
          "vv": 0.02629685652292243,
          "uv": 0.03331272191874392,
          "k": 0.031549434591206786
        },
        "2.00": {
          "U": 0.007640554323062416,
          "V": 0.11195451248262508,
          "uu": 0.027236527653689967,
          "vv": 0.04108918128733079,
          "uv": 0.05848592176812214,
          "k": 0.03178116424026098
        },
        "3.00": {
          "U": 0.007015304642753591,
          "V": 0.025749344669171444,
          "uu": 0.03564481929604794,
          "vv": 0.028506459062043694,
          "uv": 0.021925838872197973,
          "k": 0.019146621308603944
        },
        "4.00": {
          "U": 0.006377112304153011,
          "V": 0.019593779777873643,
          "uu": 0.055333758713971025,
          "vv": 0.02639558241712011,
          "uv": 0.041029809644739686,
          "k": 0.025362499372536904
        },
        "5.00": {
          "U": 0.004683850936943329,
          "V": 0.05118809151303203,
          "uu": 0.05484754068665118,
          "vv": 0.03626128741014433,
          "uv": 0.027700914870876787,
          "k": 0.02758555035692612
        },
        "6.00": {
          "U": 0.0033945174148650855,
          "V": 0.07101430224062676,
          "uu": 0.042020108267538867,
          "vv": 0.02039045248751023,
          "uv": 0.030436379247223908,
          "k": 0.02524292304891419
        },
        "7.00": {
          "U": 0.0042866791409491845,
          "V": 0.029806525553123582,
          "uu": 0.04198390695862147,
          "vv": 0.03787121893830101,
          "uv": 0.03741192331428457,
          "k": 0.031546236859246964
        },
        "8.00": {
          "U": 0.005292070386001101,
          "V": 0.016435289697752004,
          "uu": 0.03439440910393879,
          "vv": 0.02585552856169943,
          "uv": 0.02142928127481347,
          "k": 0.04237762864456515
        }
      }
    },
    "Krank": {
      "avg": {
        "U": 0.009611502659330293,
        "V": 0.05282524366812509,
        "uu": 0.035928851055218855,
        "vv": 0.030869485964936116,
        "uv": 0.03655670457409455,
        "k": 0.02842338528862447
      },
      "per_station": {
        "0.05": {
          "U": 0.007502650591724771,
          "V": 0.026458640666677684,
          "uu": 0.04661468076806866,
          "vv": 0.0424588903464629,
          "uv": 0.030533632787906016,
          "k": 0.03326412099557373
        },
        "0.50": {
          "U": 0.007335991428559885,
          "V": 0.057192930449508746,
          "uu": 0.03553021780742914,
          "vv": 0.034125695029944864,
          "uv": 0.02162319633420024,
          "k": 0.031408909035241885
        },
        "1.00": {
          "U": 0.006934817062118785,
          "V": 0.040334133370666846,
          "uu": 0.037089947337278,
          "vv": 0.028122511727406183,
          "uv": 0.03430013486997221,
          "k": 0.03104616768922857
        },
        "2.00": {
          "U": 0.00868973892870232,
          "V": 0.1253932985632035,
          "uu": 0.057262285352648094,
          "vv": 0.0548738188662355,
          "uv": 0.09687547782123039,
          "k": 0.05135919690646604
        },
        "3.00": {
          "U": 0.011292087346044288,
          "V": 0.030945766716593704,
          "uu": 0.01948520267972947,
          "vv": 0.02345055367919129,
          "uv": 0.01899950847150929,
          "k": 0.014734451153549405
        },
        "4.00": {
          "U": 0.010650083385734787,
          "V": 0.056369033197769314,
          "uu": 0.03274241294283334,
          "vv": 0.026611160751768483,
          "uv": 0.04329204180239038,
          "k": 0.025246854268917696
        },
        "5.00": {
          "U": 0.010246840995964467,
          "V": 0.06128514719188162,
          "uu": 0.01989164343944069,
          "vv": 0.023387102299432683,
          "uv": 0.03686697574052435,
          "k": 0.018455083107300832
        },
        "6.00": {
          "U": 0.011275374003735926,
          "V": 0.09887482738853402,
          "uu": 0.032700157109059436,
          "vv": 0.024856512537244243,
          "uv": 0.03254102604844081,
          "k": 0.023032983397209054
        },
        "7.00": {
          "U": 0.012359906757316588,
          "V": 0.016910066261778555,
          "uu": 0.04246661217852732,
          "vv": 0.022214903521031875,
          "uv": 0.013280173066095836,
          "k": 0.016213828287465842
        },
        "8.00": {
          "U": 0.009827536093401104,
          "V": 0.014488592874636937,
          "uu": 0.03550535093717443,
          "vv": 0.028593710890643116,
          "uv": 0.03725487879867601,
          "k": 0.039472258045291635
        }
      }
    }
  }
}