{
  "Re": 5600,
  "step": 98100001,
  "sources": {
    "MGLET": {
      "avg": {
        "U": 0.008824114231630181,
        "V": 0.07009877839733694,
        "uu": 0.06576135171192413,
        "vv": 0.04718370958758668,
        "uv": 0.03969046265238762,
        "k": 0.05278137731686777
      },
      "per_station": {
        "0.05": {
          "U": 0.008139618848467001,
          "V": 0.04968532495317715,
          "uu": 0.04756565545855648,
          "vv": 0.05905586423354856,
          "uv": 0.013295669396855574,
          "k": 0.04124901223143844
        },
        "0.50": {
          "U": 0.007102258392683836,
          "V": 0.08014920591334017,
          "uu": 0.04878197320546421,
          "vv": 0.06392474822427438,
          "uv": 0.041841441781617326,
          "k": 0.04819431965404042
        },
        "1.00": {
          "U": 0.0057824934500229205,
          "V": 0.06943938749806162,
          "uu": 0.06004208754745617,
          "vv": 0.052428074932768944,
          "uv": 0.053552946712136,
          "k": 0.04607300255876746
        },
        "2.00": {
          "U": 0.008949444073808276,
          "V": 0.11418207660619221,
          "uu": 0.08530683733249006,
          "vv": 0.08222950073233462,
          "uv": 0.06469734710018486,
          "k": 0.07516909101495184
        },
        "3.00": {
          "U": 0.008921743496928897,
          "V": 0.02746684688213747,
          "uu": 0.0860868997567317,
          "vv": 0.05393850720592714,
          "uv": 0.060623115041880185,
          "k": 0.06511197827274715
        },
        "4.00": {
          "U": 0.005708332910547864,
          "V": 0.059479699437743117,
          "uu": 0.09514242468555943,
          "vv": 0.0367586952455492,
          "uv": 0.05126667419070435,
          "k": 0.059953412550665296
        },
        "5.00": {
          "U": 0.007605332489041885,
          "V": 0.08500886415138244,
          "uu": 0.0987274169990998,
          "vv": 0.028569269501272972,
          "uv": 0.026020867780289753,
          "k": 0.0658745359166191
        },
        "6.00": {
          "U": 0.011884156120167026,
          "V": 0.12151073174489292,
          "uu": 0.0640031708722601,
          "vv": 0.032669154660506176,
          "uv": 0.019713672890964807,
          "k": 0.05526063386479126
        },
        "7.00": {
          "U": 0.012893025799727868,
          "V": 0.06018857978614863,
          "uu": 0.036396792382693575,
          "vv": 0.022956959098022253,
          "uv": 0.026805121534639906,
          "k": 0.03286442708333541
        },
        "8.00": {
          "U": 0.011254736734906238,
          "V": 0.033877067000293734,
          "uu": 0.035560258878929704,
          "vv": 0.039306322041662546,
          "uv": 0.039087770094603416,
          "k": 0.03806336002132128
        }
      }
    },
    "Krank": {
      "avg": {
        "U": 0.015913033325775428,
        "V": 0.08484143738016989,
        "uu": 0.05094636687394808,
        "vv": 0.06294950506658854,
        "uv": 0.0528694214217438,
        "k": 0.04578769534454637
      },
      "per_station": {
        "0.05": {
          "U": 0.014033887075914126,
          "V": 0.06459494270358762,
          "uu": 0.05871496792775651,
          "vv": 0.08197107074990105,
          "uv": 0.043356955367071306,
          "k": 0.03537569580663087
        },
        "0.50": {
          "U": 0.012035248064248157,
          "V": 0.08361010385754684,
          "uu": 0.04189969334441324,
          "vv": 0.0737331171461199,
          "uv": 0.05625192425661893,
          "k": 0.03981330887608722
        },
        "1.00": {
          "U": 0.010268648225799964,
          "V": 0.0361737211313578,
          "uu": 0.04643804856746831,
          "vv": 0.06264913881508859,
          "uv": 0.052696439348664685,
          "k": 0.0447084343134879
        },
        "2.00": {
          "U": 0.010989261172938258,
          "V": 0.13426182895315564,
          "uu": 0.04474859417016871,
          "vv": 0.052318769259494524,
          "uv": 0.038673962387683496,
          "k": 0.032321124215462176
        },
        "3.00": {
          "U": 0.01478046865378308,
          "V": 0.059296960841719974,
          "uu": 0.0529350952320643,
          "vv": 0.056440249896343796,
          "uv": 0.05382226481696376,
          "k": 0.04616381025471757
        },
        "4.00": {
          "U": 0.014377465930022563,
          "V": 0.09971888721773665,
          "uu": 0.07387459540096862,
          "vv": 0.05906140304067123,
          "uv": 0.05695311599063207,
          "k": 0.0686679275447064
        },
        "5.00": {
          "U": 0.017422433023226883,
          "V": 0.09449680938015426,
          "uu": 0.06205976782918196,
          "vv": 0.049248978666739975,
          "uv": 0.05614021750571924,
          "k": 0.06354145265488619
        },
        "6.00": {
          "U": 0.022031810624401533,
          "V": 0.1629633348351346,
          "uu": 0.047581625750401355,
          "vv": 0.06776507742661023,
          "uv": 0.06742575126755221,
          "k": 0.06162118278436736
        },
        "7.00": {
          "U": 0.02422868305400138,
          "V": 0.055640897174213284,
          "uu": 0.038989984585124066,
          "vv": 0.06168438017929862,
          "uv": 0.03724095611182809,
          "k": 0.03703764801473913
        },
        "8.00": {
          "U": 0.018962427433418333,
          "V": 0.05765688770709222,
          "uu": 0.04222129593193367,
          "vv": 0.06462286548561745,
          "uv": 0.06613262716470424,
          "k": 0.02862636898037883
        }
      }
    }
  }
}