{
  "Re": 5600,
  "step": 127050001,
  "sources": {
    "MGLET": {
      "avg": {
        "U": 0.00477131422032838,
        "V": 0.0425221140002681,
        "uu": 0.0382301627871911,
        "vv": 0.03050281268045584,
        "uv": 0.03284739604322326,
        "k": 0.030428653709814107
      },
      "per_station": {
        "0.05": {
          "U": 0.003796795639336904,
          "V": 0.01362665609712275,
          "uu": 0.02825958532730987,
          "vv": 0.030414107960928694,
          "uv": 0.02372466563310191,
          "k": 0.028840953779014685
        },
        "0.50": {
          "U": 0.003663127652633308,
          "V": 0.047405576837180816,
          "uu": 0.022522080133156614,
          "vv": 0.03784646233061668,
          "uv": 0.03520380312209046,
          "k": 0.030023392382444117
        },
        "1.00": {
          "U": 0.00367181332496232,
          "V": 0.06964405601296388,
          "uu": 0.02919019572171621,
          "vv": 0.02953055912405208,
          "uv": 0.033202911781223775,
          "k": 0.032585725507590056
        },
        "2.00": {
          "U": 0.007656642072320952,
          "V": 0.09687791312796909,
          "uu": 0.02980777179217124,
          "vv": 0.04182443784991081,
          "uv": 0.05491823787570164,
          "k": 0.03392574290941852
        },
        "3.00": {
          "U": 0.006046020426797108,
          "V": 0.018667062801087295,
          "uu": 0.04038370504824101,
          "vv": 0.02683941683546614,
          "uv": 0.024658893583083336,
          "k": 0.023039392239751943
        },
        "4.00": {
          "U": 0.005356634091872486,
          "V": 0.020529595265116954,
          "uu": 0.05917915895820787,
          "vv": 0.02310038585394338,
          "uv": 0.04451566451471607,
          "k": 0.02993463838233409
        },
        "5.00": {
          "U": 0.004131442660541166,
          "V": 0.04165314007887122,
          "uu": 0.0592151989755756,
          "vv": 0.034948710892500755,
          "uv": 0.024915866306730924,
          "k": 0.03186363107006771
        },
        "6.00": {
          "U": 0.003944240118652849,
          "V": 0.06795518517639632,
          "uu": 0.04101966042479341,
          "vv": 0.019469311890137314,
          "uv": 0.028927382691642082,
          "k": 0.026341092294018174
        },
        "7.00": {
          "U": 0.004238734474006299,
          "V": 0.03502031049664653,
          "uu": 0.03893339466397183,
          "vv": 0.03511009386138412,
          "uv": 0.03494240252428091,
          "k": 0.027867885370178928
        },
        "8.00": {
          "U": 0.005207691742160409,
          "V": 0.013841644109326081,
          "uu": 0.03379087682676736,
          "vv": 0.025944640205618496,
          "uv": 0.023464132399661435,
          "k": 0.039864083163322836
        }
      }
    },
    "Krank": {
      "avg": {
        "U": 0.008915492649084367,
        "V": 0.04980707196824422,
        "uu": 0.03606956830376092,
        "vv": 0.03332966386804947,
        "uv": 0.03637094459566646,
        "k": 0.028695639074741035
      },
      "per_station": {
        "0.05": {
          "U": 0.007085360946138134,
          "V": 0.027591706585453502,
          "uu": 0.04920497201396755,
          "vv": 0.04776822605891491,
          "uv": 0.02756538820394663,
          "k": 0.031683049988796064
        },
        "0.50": {
          "U": 0.0068095722376823,
          "V": 0.0546531614038301,
          "uu": 0.03491335897924077,
          "vv": 0.038611844119799205,
          "uv": 0.020929220399224468,
          "k": 0.03033330181401512
        },
        "1.00": {
          "U": 0.006340959741714418,
          "V": 0.03804908342293589,
          "uu": 0.03601113508943601,
          "vv": 0.03046795694077667,
          "uv": 0.032832245300988126,
          "k": 0.03184241285114847
        },
        "2.00": {
          "U": 0.008030806159713426,
          "V": 0.10933069031618006,
          "uu": 0.0540396544242994,
          "vv": 0.050881817184630605,
          "uv": 0.09049216088171275,
          "k": 0.048178345190750205
        },
        "3.00": {
          "U": 0.009842769254964332,
          "V": 0.026266033767815247,
          "uu": 0.02023461085793189,
          "vv": 0.024272994908107404,
          "uv": 0.019637992595571693,
          "k": 0.011180160615886052
        },
        "4.00": {
          "U": 0.008593997928929587,
          "V": 0.05741165375242986,
          "uu": 0.03452356900738387,
          "vv": 0.032593862831164506,
          "uv": 0.04663489066620561,
          "k": 0.031125565305625588
        },
        "5.00": {
          "U": 0.00921777751073141,
          "V": 0.05170499184542386,
          "uu": 0.018888904870500243,
          "vv": 0.024771444170655573,
          "uv": 0.03816833827683204,
          "k": 0.022697854670299774
        },
        "6.00": {
          "U": 0.010976466287033101,
          "V": 0.09488969928650193,
          "uu": 0.028764070581272023,
          "vv": 0.028567112474517972,
          "uv": 0.03372144376991423,
          "k": 0.026067567875085483
        },
        "7.00": {
          "U": 0.012565734181994739,
          "V": 0.01957061771929229,
          "uu": 0.04387292810162292,
          "vv": 0.02502659009765547,
          "uv": 0.0159402939857719,
          "k": 0.017481502905662083
        },
        "8.00": {
          "U": 0.009691482241942237,
          "V": 0.018603081582579443,
          "uu": 0.04024247911195458,
          "vv": 0.03033478989427236,
          "uv": 0.03778747187649724,
          "k": 0.03636662953014152
        }
      }
    }
  }
}