kind,path,step,ftt,rho_mean,rho_rms,rho_std,rho_max_abs,wall_rms,wall_max_abs
source,phase2_generatecheckpoint/oldcheckpoint_Re5600_step_12932001,12932001,79.75210952586013,0.9999998508261922,5.830623843162487e-05,5.830604760417869e-05,0.00038746833573855,6.39658453144561e-05,0.00038746833573855
